ze_2012_p3,
ze_2021_xmas,
ze_30_seconds_go_fix,
ze_666_crazy_escape_v1_1,
ze_8bit_csgo3,
ze_A_E_S_T_H_E_T_I_C_v1_1,
ze_abandoned_industry_va2,
ze_abandoned_project_v1_2_csgo,
ze_aepp_nano_grid2_v1,
ze_alchemy_b7,
ze_alien_shooter_gp1_3,
ze_amalgamation_v1_1,
ze_ancient_wrath_v2_test27_cm1,
ze_antartika_b2_csgo,
ze_antfarm_2v,
ze_aooka_v1_b,
ze_aperturescience_p2,
ze_Apollo_p2,
ze_aragami_v1_1,
ze_arctic_escape_p2,
ze_ardeca_revamp,
ze_artika_base_v1_2,
ze_ashen_keep_v0_3_csgo3,
ze_asiangirl_mm11el4nu4cp2io1yv7_r_v4,
ze_assassins_creed_csgo,
ze_astral_v2_1_fix,
ze_attackontitan_trotster_v1_2,
ze_atix_apocalypse_p3,
ze_atix_panic_v1,
ze_atos_v2,
ze_avalanche_reboot_beta7_p2,
ze_avenir_storage_p,
ze_aztec_temple_go_v2,
ze_aztecnoob_p2,
ze_barrage_p2,
ze_Bathroom_v2_5,
ze_best_korea_v1,
ze_biohazard2_rpd_004_p3,
ze_biohazard2_sewer_004_p8,
ze_biomes_attack_b1_2,
ze_bioshock_v6_2_csgo7,
ze_bisounours_party_p2,
ze_blackmesa_remix_p2,
ze_blocky_mess_b2,
ze_blood_castle_b7,
ze_blue_zenith_v0_2,
ze_boacceho_p4,
ze_boatescape101_p,
ze_BoatEscapeX_b8,
ze_boredom_p,
ze_bowser_in_the_fire_sea_v1e_rs2,
ze_bp-infested-prison_go,
ze_breakable_p3,
ze_bulhufas_a1_1,
ze_bunker_escape_v1_2,
ze_candy_star_a3,
ze_castlevania_64_v1_3_b5_go,
ze_castlevania_p1_7,
ze_ccc_floator_mislands_timantetrix_v2,
ze_chaos_v7_4f,
ze_check_b1_1,
ze_chemical_weapons_depot_v3_1,
ze_Chicken_Lords_Tower_ig1,
ze_chicken_ranch_v2_2,
ze_christmas_b2_1,
ze_christmas_infection_p2,
ze_chroma_v0_4_csgo5,
ze_chronus_a1,
ze_clockwork_v1d1,
ze_COASTALCITY_b7,
ze_codevein_v1_cm4,
ze_colorlicouspilar_p4,
ze_colors_p3,
ze_colourslide_v2_2,
ze_complex_va3,
ze_core_v1g,
ze_crashbandicoot_p3,
ze_crazy_escape_v5_5_1,
ze_crazykart_v4,
ze_crypt_v1_4,
ze_cso_decoy_v1_hdr,
ze_ctr_terminal_v1_2_hdr,
ze_cursed_bear_tales_v1_2,
ze_cursed_ruins_go1_2,
ze_cyberderp_p3_f,
ze_cyberpunk_x_a07,
ze_dangerous_waters_v2_Final,
ze_dark_catharsis_v1_2,
ze_dark_souls_ptd_csgo2,
ze_darker_ruins_v1,
ze_deadcore_v1_3_f,
ze_deadly_crash_a2,
ze_dear_v1,
ze_death_star_escape_v4_3_p2,
ze_Death_Valley_b2,
ze_death_wish_v6,
ze_deepice_p3,
ze_defense3003_zrgbr,
ze_defensepart_escape_go1,
ze_descent_into_cerberon_b2,
ze_desert_fox_v7_6,
ze_Desperate_Soul_a4,
ze_destruction_of_exorath_v4_lite,
ze_dev_r4a_csgo3,
ze_diddle_v3,
ze_doom3_v2,
ze_doom_p2,
ze_doorhug_and_solo_v5_2_csgo,
ze_drk_ratrace_v1_p4,
ze_drakelord_castle_b3,
ze_dreamin_v1_6,
ze_dreamin_v2_10,
ze_dungeon_of_ignorance_a1_2,
ze_dust_escape_p3,
ze_easy_escape_r,
ze_eden_a3,
ze_electrical_factory_b3_d,
ze_elevator_escape_p2,
ze_Ep2_Plant_b1,
ze_escape_horizon_p3,
ze_escape_the_eye_p2,
ze_escapetheworld_a33,
ze_eternal_grove_v3,
ze_eternal_journey_go_v1_4t9,
ze_eternal_void_p3,
ze_evernight_a3_4,
ze_evil_mansion_v1_finalf,
ze_exchange_innovation_v1b_n1,
ze_facility_doomed_v3_1b,
ze_facility_escape_7b,
ze_fapescape_p5_fix,
ze_fapescape_rote_v1_3,
ze_farmhouse_v9f2,
ze_fast_escape_p2,
ze_Fat_house_escape_v1_0_6_c,
ze_fe8_sacred_stones_v1_10,
ze_ffuxx_demon_naramina_a2,
ze_ffvii_cosmo_canyon_v1_1_csgo,
ze_ffvii_cosmo_canyon_v5k_fix,
ze_FFVII_Mako_Reactor_v5_3_v5,
ze_FFVII_Mako_Reactor_V6_b09k2,
ze_ffvii_temple_ancient_v5_2,
ze_ffxii_feywood_b5_5,
ze_ffxii_moko_temple_v1_1_p2,
ze_FFXII_Mt_Bur_Omisace_v4c7,
ze_FFXII_Paramina_Rift_v1_4_a8t,
ze_ffxii_ridorana_cataract_t5_3_w6,
ze_ffxii_westersand_v2d_ps2,
ze_FFXII_Westersand_v7_z9,
ze_ffxii_westersand_v8zeta1_b5k,
ze_ffxiv_wanderers_palace_v2_va2,
ze_ffxiv_wanderers_palace_v4_10,
ze_ffxiv_wanderers_palace_v5_2,
ze_FFXIV_Wanderers_Palace_v6,
ze_fire_temple_v2_2,
ze_firewall_laboratory_part1_p2,
ze_firewall_laboratory_part2_p2,
ze_flying_world_p,
ze_forbidden_repository_a1_4,
ze_forest_of_steel_z1_4,
ze_forest_r_a0_9,
ze_forestbunkers_v1_b3_e2,
ze_forgotten_facility_p3,
ze_FORiUS_just_RUN_p2,
ze_forsaken_temple_v3_b5,
ze_frostdrake_tower_v1,
ze_frozen_abyss_v1_2,
ze_frozentemple_rc1_1,
ze_funny_runner_v3_1,
ze_games_v2_1,
ze_gameshow_v1_2_csgo1,
ze_Genso_Of_Last_v3_4_t1,
ze_gods_wrath_p2,
ze_got_the_north_csgo3,
ze_grand_boatescape_p3,
ze_grau_a03_4ff,
ze_great_crate_escape_v6,
ze_greece_escape_p,
ze_greencity_fix,
ze_gris_v1_13,
ze_halloween_house_b4,
ze_halo_p3,
ze_halo_poa_p4,
$ze_harry_potter_v2_1_csgo,
ze_haunted_lab_escape_p3,
ze_hello_world_v1,
ze_hidden_fortress_p,
ze_hidden_temple_v2_5,
ze_highest_to_lowest_v1_1,
ze_hive_complex_v1_2_1,
ze_hold_em_v8_f3,
ze_honkai_impact_3rd_babel_v1_52,
ze_horizon_sky_escape_v2,
ze_hsc_a4_q3,
ze_huge_labo_escape_b1_2,
ze_hypernova_p,
ze_iamlegend_p3,
ze_ice_cavern_va4,
ze_icecap_escape_v5_p,
ze_iceland_escape_v1_2,
ze_idiotslayer_b1_1,
ze_illya_b4_csgo_a3,
ze_inboxed_final_fix,
ze_indiana_jones_v4a_004_p4,
ze_industrial_dejavu_v3_3_3_e2_d,
ze_infected_sewers_csgo,
ze_infected_tramway_csgo1,
ze_inferno_escape_almaedition_v2,
ze_infested-industry_p2,
ze_infiltration_final_r1,
ze_insanitycity_final_fix,
ze_insensible_sr8gm6yj12hs7_rg_v9_6,
ze_interception_p2,
ze_isla_nublar_p3,
ze_ismellmagicintheair_wg7tw9vm1io1bu7_v3,
ze_italy_town_p2,
ze_Johnny_Nukem_csgo,
ze_journey_p4,
ze_jurassic_park_story_csgo,
ze_K19_escape_go1,
ze_kaffe_escape_v2,
ze_kage_a3,
ze_kf_bioticslab_a1,
ze_Kitchen_v2,
ze_kororinpa_v2_1,
ze_kraznov_poopata_p2,
ze_l0v0l_v1_4_csgo2,
ze_l4d2_c1m3_mall_csgo_v0_32f_fix2,
ze_lab_v5,
ze_laser_island_b6_8,
$ze_last_man_standing_csgo3,
ze_legoland_crackheads_p2,
ze_lemonysnickets_p2,
ze_licciana_escape_v7_zrgbr_b3,
ze_lightnight_v1_4fix_hdr,
ze_lila_panic_escape_v3_3,
ze_lolxd_final_fix_iswear_v3,
ze_lotr_helms_deep_v5_p6,
ze_lotr_isengard_csgo1,
ze_LOTR_Minas_Tiret_p2,
ze_lotr_minas_tirith_p5,
ze_lotr_mines_of_moria_p2,
ze_lotr_mount_doom_p3,
ze_luciddreams_v4f,
ze_luck_matters_v3x,
ze_Lucy_Escape_v1,
ze_luigismansion_p2,
ze_m0w0m_csgo1,
ze_mabinogi_f3,
ze_madara_temple_v1fix_csgo,
ze_magala_castle_final,
ze_magic_carpet_p2,
ze_magmadrake_b2,
ze_magus_v2_2,
ze_mario_tower_v4_p2,
ze_mars_escape_gp1,
ze_meatropolis_p2,
ze_memehell_v1_1_go,
ze_military_escape_p2,
ze_MindTree_v1_6,
ze_minecraft_adventure_v1_3d,
ze_minecraft_v1_1_p3,
ze_minimal_csgo,
ze_Mirrors_Edge_Reborn_p3,
ze_mist_q2,
ze_mkzk_scarab_v4_ps2,
ze_mojos_minigames_v1_4_1,
ze_moltentemple_p1t2_csgo,
ze_moon_base_p3,
ze_mountainpass_b6,
ze_MusIicX_b2,
ze_mytex_escape_v3_p,
ze_nameless_necropolis_a3t,
ze_namviet_v6_1,
ze_naruto_p,
ze_Natural_v1_4,
ze_necromanteion_v2_5,
ze_negative_legacy_va1,
ze_new_crazy_escape_v4_1,
ze_newyork_escape_v1,
ze_nightmare_dimension_p3,
ze_noir_p1,
ze_noob_too_easy_v2_3,
ze_nora_v1_11,
ze_nostromo_escape_p2,
ze_nostromo_redux_v1_2,
ze_no_title_v2_5,
ze_notredame_p3,
ze_nuke_p5,
ze_ny_marathon_p2,
ze_ocean_base_escape_p,
ze_offliner_csgo_fix,
ze_omega_p3,
ze_omen_090,
ze_omochi_b10,
ze_omochix_v3_2fix,
ze_onahole_v3_3_3,
ze_oneiros_p,
ze_oot_shadowtemple_b10,
ze_opti_variety_missions_p3,
ze_otakuroom_v5_6f4,
ze_Outlast_v2_Beta4_fix,
ze_palace_adventure_v1_2,
ze_palace_of_minolila_v1,
ze_paper_escaper_p7,
ze_Paranoid_Rezurrection_csgo1,
ze_parkers_pit_p,
ze_parking_p4,
ze_PC_v1_2,
ze_pd2_crime_art_v2,
ze_peter_mansion_v1_p3,
ze_phantasy_escape_p3,
ze_Pidaras_va2,
ze_Pirates_Port_Royal_v5_6,
ze_pitchblack_p2,
ze_pizzatime_v9,
ze_pkmn_adventure_v9_3,
ze_platformer_b6,
ze_pokemon_adventure_v1_1,
ze_polatrio_v1_1_hdr,
ze_ponchermonkey_shooter_csgo1,
ze_por_island_p3,
ze_portal_story_v1_2,
ze_postal_v1_1,
ze_PotC_IV_p3,
ze_Potc_p4,
ze_predator_ultimate_p7,
ze_project_alcaria_x2,
ze_Prototype_r,
ze_puta_p3,
ze_rabanastre_royal_t5,
ze_raccoon_facility_v6b_p,
ze_radio_building_v1_3,
ze_rain1_v8x,
ze_rainbow_factory_v2,
ze_ramp_a1_1,
ze_randomizer_a06,
ze_random_escape_csgo,
ze_Ratescape_v3_6,
ze_rats_escape_final,
ze_reconnoiter_b5,
ze_reloaded_v1_ez2,
ze_resonance_cascade_p3,
ze_retribution_p,
ze_rev_a6_3,
ze_ripsuhdude_v1_6,
ze_river_escape_v3_fix_r1,
ze_rizomata_a46,
ze_rizomata_b45,
ze_rizomata_va2,
ze_rockescape_go2_1,
ze_roof_adventure_v9,
ze_rooftop_madness_v1_9_csgo,
ze_Rooftop_Runaway_Extended,
ze_RTCW_Ominous_Rumors_p4,
ze_ruin_of_black_stone_v1,
ze_rush_B_v1_4,
ze_S_A_M_v1_2,
ze_S_A_M_v1_7,
ze_sakuzyo_b2,
ze_sandstorm_go_v1_3,
ze_santassination_v3,
ze_saw_p3,
ze_sc_turtles_v5_p2,
ze_schizophrenic_c3,
ze_scp_containment_breach_v1_b02_cm4,
ze_serious_sam_tfe_v1_4,
ze_serpentis_temple_v2a_csgo2,
ze_sewer_v2,
ze_sg1_missions_v2_1_p2,
ze_shadow_corridor_v1_2,
ze_shaun_of_the_dead_p,
ze_shaurma_v3_b07_T5,
ze_showdown_v4_1_p,
ze_shrine_of_umos_b3,
ze_shroomforest2_p6,
ze_shroomforest3_p,
ze_shroomforest_p6,
ze_Siberia_1990_v1_2c_p5,
ze_silent_hill_blackblood_f1,
ze_sit_caelum_paradisus_b7_hdr,
ze_skill_escape_v09,
ze_sky_athletic_adv_v9_12,
ze_skyline_b6,
ze_skyscraper_city_v5,
ze_sky_fantasy_v1_3,
ze_slender_escape_rc2,
ze_solgryn_v2,
ze_sorrento_escape_sgversion_v4,
ze_space_flight_p2,
ze_spacestation_sgfix,
ze_sst2_p,
ze_sst_b2_1_p5,
ze_stalker_ultimate_v2_3_g6,
ze_stalker_ultimate_v4_9,
ze_stalkermonolit_v7gofix,
ze_star_wars_prequel_v1,
ze_stargate_escape_v8_p2,
$ze_starwars_v2fix_csgo3,
ze_stilshrine_of_miriam_v5_1,
ze_STRANGE_escape_p2,
ze_Suchirifu_v3_h,
ze_SUMAI_facility_v1a,
ze_sunkentemple_v3_1,
ze_sunlight_v2_0_p8,
ze_SUPERSHITSHOW_a2,
ze_surf_bona_hdr_test,
ze_surf_danger_p2,
ze_surf_dark_fantasy_v2go2,
ze_surf_facility_p4,
ze_surf_froyo_lite_v2_3,
ze_surf_froyo_v2_2,
ze_surf_gypt_v1_3_1f,
ze_surf_outside_b1_10,
ze_surf_sahok_p3,
ze_surf_shonyudo_v4_1,
ze_surf_vortex_v2_6,
ze_surface_a1_ps_b2,
ze_survivors_p2,
ze_syphon_filter_z_beta12,
ze_taboo_carnation_v2_ps2,
ze_temple_escape_va3,
ze_temple_of_the_demon_god_v2,
ze_temple_raider_b4_ps6,
ze_tenkinoko_welkin_v1_4,
$ze_tesv_skyrim_v5_6,
ze_texturescape_p2,
ze_the_curse_of_blackwater_v6b,
ze_the_last_chapter_v1_5,
ze_thelostworld_redux_p2,
ze_thousand_steps_go1,
ze_thriller_escape_p,
ze_tilex_ultimate_v2_13,
ze_timesplitters_p2,
ze_titanic_escape_v2_3_p,
ze_tkara_v4_3,
ze_tloz_stone_tower_temple_v1_4,
ze_toaster_p3,
ze_Totemo_Roka_v1,
ze_touhou_gensokyo_o4,
ze_traak_b2,
ze_trainescape_final_p2,
ze_trials_v3,
ze_tropico_escape_v10_5f,
ze_tv_station_r4,
ze_tyranny2_v1_csgo2,
ze_tyranny_v5_csgo1,
ze_undercave_es_mi_v1_5,
ze_underground_escape_final_e2,
ze_underground_station_v3,
ze_undersea_temple_a4_4,
ze_undertale_g_c7,
ze_unknow_escape_v5,
ze_unknown_underground_a2_8_2,
ze_urban_laby_of_death_p2,
ze_urbanterror_b2,
ze_ut2004_convoy_r5,
ze_v0u0v_a6_csgo1,
ze_valkvang_v1_1,
ze_variis_b1_4,
ze_venice_escape_p3,
ze_vertigo_militia_b1_3_14,
ze_vietnam_p3,
ze_volcano_escape_p2,
ze_voodoo_islands_p5,
ze_xiii_winslow_bank_v2_2fix_3,
ze_world_escapes_v1,
ze_yurilnier_beta005,
ze_zk_mall_of_zombies_p2,
ze_zombie_city_finalfix_ps2,
ze_zombierig_p3,
