ttt_afterglow_v1,
ttt_apehouse_remake,
ttt_assault_cs16_zrgbr_b1,
ttt_baggage_sm_zrgbr_b1,
ttt_btb_clue_broteam_final,
ttt_btb_island17_pezversion,
ttt_btb_minecraft_ub_a6,
ttt_breakthrough_v1,
ttt_boardwalk,
ttt_canyon_b1,
ttt_cabin,
ttt_chess_and_tea,
ttt_closequarters_zrgbr_b1,
ttt_codewise2_v3_1,
ttt_community_bowling_csgo_v3_fix,
ttt_community_pool_csgoport_v6,
ttt_craftroom_csgo_v2,
ttt_cluedo_modern,
ttt_damons_canyon_b2_2,
ttt_damons_mansion_a3,
ttt_damons_disco_v1,
ttt_dawn_zrgbr_b1,
ttt_deadfarm_sg,
ttt_desperados_sg_v1,
ttt_dolls_csgo_v2,
ttt_drybone_swamp_v1d,
ttt_fastfood_a6_sg_d,
ttt_fright_zrgbr_b1,
ttt_highrise_mw2_sgfix,
ttt_highschool_v1,
ttt_hiesville_v2,
ttt_hoodrat_v1_4,
ttt_kirbycity_b3_1,
ttt_lttp_kakariko_a4_csgo,
ttt_mario64_peachcastleoutside_v2,
ttt_mcvillage_b3-c,
ttt_minecraftcity_sgfix_v3,
ttt_murdertown_a2,
ttt_moonjam_beta_2,
ttt_nipperhouse2_sg,
ttt_no_mercy_b1_zrgbr,
ttt_nuketown_b1_zrgbr,
ttt_office_sg_v2_1,
ttt_parkhousefix_sg_fixv1,
ttt_parishcity_b1,
ttt_playtime_v4_b2,
ttt_playtime_short_v4_b2,
ttt_princess_skyscraper5,
ttt_princesscraft_beta4,
ttt_peace_ma_final,
ttt_rats_kitchen_v1_sgedit,
ttt_residentevil_rpd_zrgbr_v1fix,
ttt_rio_v2,
ttt_rooftops_slayers_v2_fix1,
ttt_safehouse_b1,
ttt_screamcastle_final,
ttt_sg_skyfrequency_a1,
ttt_sg_winterfrost_festive,
ttt_stadium_zrgbr_v1,
ttt_subway_sgeditv2,
ttt_sky_islands_sg,
ttt_terminal_sg_v1,
ttt_tunnel_v2,
ttt_twd_prison_zrage_b_v2,
ttt_vessel-v4_sg,
ttt_waterpark_v3_pg,
ttt_westwood2_sg,
